seen,influence_threshold,user_index,ap, infScore, seed_size
1,14.8318,683796,0,20.286,1
2,14.8316,683352,2.21945e-05,100.469,2
3,14.8315,181951,0,21.8856,3
5,14.8312,25362,1.36087e-05,62.9098,4
6,14.8311,249069,0.000213188,227.016,5
8,14.8311,104649,6.7297e-05,54.4978,6
10,14.8311,365445,0,19.5971,7
11,14.831,657449,0.038304,1787.38,8
12,14.8309,78749,0.159925,33.3642,9
14,14.8308,13127,0.197184,57.2593,10
16,14.8307,20071,0.0570864,190.141,11
21,14.8307,1239,0.455263,1166.79,12
32,14.8301,125298,0.159506,30.8028,13
50,14.83,86199,0.739479,35.1668,14
58,14.8291,26084,0.489938,1834.65,15
59,14.8286,102903,0.675353,774.278,16
65,14.8283,494764,0.351899,15.741,17
87,14.8276,80036,0.621519,30.6956,18
102,14.8273,179149,0.243022,922.323,19
103,14.8271,662634,0.716926,2131.13,20
112,14.8271,30395,0.655933,97.178,21
144,14.8268,693282,0.358759,51.3799,22
150,14.8267,89639,0.483735,427.102,23
158,14.8266,146463,0.571585,22.6982,24
182,14.8266,646628,0.280074,701.346,25
202,14.8263,268336,0.760093,1417.77,26
206,14.8261,91958,0.612242,750.203,27
217,14.826,210612,0.687495,230.701,28
229,14.8255,648301,0.77664,50.7924,29
252,14.8253,281844,0.737811,60.7046,30
259,14.8252,143923,0.692125,149.99,31
270,14.8251,672567,0.340131,160.998,32
311,14.825,828202,0.128706,15.253,33
326,14.8248,65862,0.281188,19.7185,34
331,14.8246,864376,0,16.0247,35
387,14.8245,665749,0.689679,277.779,36
424,14.8245,35660,0.777986,10455.8,37
444,14.8244,96748,0.765772,14.9758,38
471,14.8242,155503,0.177692,29.9924,39
496,14.8241,574709,0,60.4392,40
505,14.824,284844,0.797366,15.1687,41
523,14.824,291701,0.543334,18.8735,42
551,14.8238,751972,0.507456,78.3844,43
572,14.8237,203272,0.714996,36.3145,44
620,14.8236,285228,0.67064,18.1607,45
650,14.8236,202747,0.362795,37.4452,46
698,14.8235,359219,0.0324477,23.8222,47
723,14.8234,145300,0.496228,30.8318,48
743,14.8233,315876,0.639252,30.1522,49
745,14.823,567635,0.272287,44.2744,50
752,14.8226,122825,0.502996,254.472,51
756,14.8224,185591,0.423162,15.5518,52
867,14.8221,195779,0.572571,29.91,53
884,14.8218,279549,0.73747,22.2393,54
918,14.8218,156906,0.655488,74.6874,55
955,14.8217,1082222,0,18.6843,56
984,14.8215,108601,0.790674,2007.08,57
1009,14.8213,137363,0.674587,198.146,58
1011,14.8213,1034426,0,57.3394,59
1014,14.8212,231851,0.788595,22.405,60
1035,14.8211,692623,0.69734,331.159,61
1039,14.8209,307085,0.736135,25.1258,62
1064,14.8201,950752,0,35.7426,63
1074,14.82,672244,0.483973,1817.28,64
1149,14.8199,260832,0.653495,16.6436,65
1191,14.8195,636605,0.47865,41.5424,66
1207,14.8191,222158,0.626671,23.8114,67
1255,14.8188,69888,0.703621,247.8,68
1322,14.8187,166594,0.578237,137.534,69
1323,14.8185,280986,0.694676,188.754,70
1396,14.8181,96750,0.762585,99.8112,71
1398,14.818,702512,0.727151,25.3478,72
1404,14.8178,450319,0.122616,16.8426,73
1432,14.8178,312265,0.0626329,37.0997,74
1434,14.8176,38409,0.618089,472.415,75
1514,14.8172,468845,0.106557,36.142,76
1520,14.8166,359925,0.758361,27.8273,77
1546,14.8163,183955,0.757621,14.9933,78
1575,14.816,510709,0,22.9301,79
1647,14.8157,802056,0.757988,456.915,80
1656,14.8156,131024,0.678435,629.243,81
1722,14.8153,725875,0.0243902,42.4305,82
1730,14.8151,1048329,0.682052,187.327,83
1741,14.8151,396474,0.481308,16.092,84
1765,14.8148,231971,0.290846,16.9177,85
1802,14.8147,343346,0.0944789,91.185,86
1807,14.8147,233435,0.637071,22.6279,87
1813,14.8145,215841,0.79853,35.0195,88
1845,14.8138,294904,0.77932,19.0402,89
1847,14.8137,233482,0.493562,17.0597,90
1874,14.8134,4998,0.765416,44.921,91
1882,14.8134,319314,0.749378,20.0055,92
1902,14.813,159927,0.541549,94.5848,93
1906,14.8124,223576,0.432285,37.2422,94
2052,14.8123,460019,0.00171492,21.6616,95
2148,14.8122,1012889,0.609606,29.7039,96
2159,14.8117,698535,0.767387,428.366,97
2189,14.8114,170155,0.588951,197.901,98
2200,14.8113,727794,0.642114,18.9121,99
2302,14.8112,697830,0.734889,800.626,100
2320,14.8104,284254,0.701063,36.0702,101
2416,14.8104,219236,0.367947,63.0022,102
2430,14.8099,122395,0.24913,567.087,103
2478,14.8098,794063,0.423546,49.8187,104
2499,14.8097,311092,0.383686,17.0917,105
2512,14.8096,129402,0.664425,17.2089,106
2524,14.8089,1001507,0.758982,1384.37,107
2533,14.8084,4220,0.773813,282.672,108
2609,14.808,162035,0.702609,144.629,109
2619,14.808,695405,0.738961,960.278,110
2634,14.8079,223688,0.572051,20.2797,111
2654,14.8079,862133,0.374837,68.9014,112
2701,14.8076,199945,0.698511,43.194,113
2728,14.8074,162026,0.660855,208.514,114
2788,14.8073,529741,0.568538,20.1045,115
2916,14.8071,415517,0.749898,17.0358,116
2933,14.8071,202050,0.0587979,19.4588,117
2994,14.8069,186239,0.760042,48.3828,118
3015,14.8066,258489,0.515592,19.2123,119
3016,14.8063,295011,0.0922408,103.029,120
3087,14.8061,226946,0.331724,68.7937,121
3189,14.806,400792,0.791595,23.4242,122
3221,14.8058,683618,0.581384,41.5621,123
3239,14.8054,643702,0.792849,142.598,124
3244,14.8047,849785,0.0434782,23.6719,125
3280,14.8045,110194,0.796853,2169.47,126
3312,14.8045,671862,0.72869,19.2002,127
3355,14.8044,686673,0.752193,1370.2,128
3357,14.8043,314987,0.508685,21.3736,129
3382,14.8041,856803,0,49.784,130
3417,14.8038,486880,0.11021,42.7948,131
3484,14.8037,649455,0.789536,111.946,132
3522,14.8035,513400,0.25903,16.4175,133
3539,14.8034,278192,0.507709,283.381,134
3582,14.8032,126287,0.672047,49.9952,135
3600,14.8031,341247,0.776339,56.4896,136
3629,14.803,376276,0.389741,120.662,137
3644,14.8029,122057,0.746006,159.263,138
3656,14.8028,205668,0.566259,17.1316,139
3673,14.8028,114349,0.497278,89.4224,140
3793,14.8025,122768,0.773971,35.2209,141
3825,14.8025,357547,0.0531766,27.1028,142
3842,14.8022,214319,0.557329,102.763,143
3845,14.802,104181,0.750424,475.569,144
3929,14.8019,778604,0.0424437,24.6175,145
3939,14.8017,1084106,0.226879,43.7964,146
3957,14.8017,463216,0.308373,16.3673,147
3982,14.8016,106933,0.790683,75.1247,148
4012,14.8014,97297,0.737315,130.42,149
4017,14.8013,122974,0.585101,69.3271,150
4030,14.8009,1060667,0.0481856,41.98,151
4110,14.8008,229264,0.602809,43.6171,152
4124,14.8007,883573,0.169783,22.8896,153
4140,14.8006,271961,0.795734,52.3589,154
4213,14.8003,217601,0.774106,15.2445,155
4308,14.7995,355575,0.386265,20.4172,156
4403,14.7992,436005,0.600032,24.0649,157
4420,14.7992,128910,0.628935,29.0259,158
4456,14.799,713388,0.701531,38.9959,159
4463,14.7989,326096,0.438971,14.8674,160
4591,14.7988,325276,0.782815,16.8892,161
4666,14.7987,232783,0.67865,28.4583,162
4854,14.7984,330718,0.49034,17.3056,163
4877,14.7983,229006,0.666269,62.6252,164
4960,14.7981,269114,0.760079,15.0233,165
5028,14.7981,500947,0,17.829,166
5128,14.7978,345803,0.460624,22.1624,167
5216,14.7969,943335,0,21.338,168
5244,14.7968,174628,0.564935,19.2447,169
5259,14.7967,388318,0.495405,20.4623,170
5366,14.7965,391659,0.431133,24.7613,171
5414,14.7962,281659,0.746749,15.5016,172
5442,14.7961,293527,0.731372,44.2373,173
5557,14.7957,352181,0.360221,18.5687,174
5581,14.7957,260546,0.761269,15.4688,175
5618,14.7956,637477,0.705334,41.9203,176
5699,14.7956,1020704,0.109729,22.4232,177
5880,14.7955,773117,0,24.8482,178
5968,14.7955,4897,0.782631,779.37,179
6136,14.7953,648308,0.714395,361.841,180
6137,14.7952,173074,0.62134,19.009,181
6166,14.7952,391046,0.280448,23.7866,182
6222,14.7951,388291,0.365804,17.7233,183
6241,14.7948,717436,0.0797128,117.252,184
6267,14.7947,133826,0.609713,26.3859,185
6284,14.7945,282418,0.23766,15.2018,186
6295,14.7943,166041,0.542352,45.929,187
6312,14.7942,293675,0.522553,41.6334,188
6322,14.7931,271981,0.523112,21.2697,189
6720,14.793,758957,0.74622,1131.75,190
6767,14.793,357867,0.105604,17.9664,191
6822,14.7928,712124,0.261341,27.8245,192
6824,14.7925,455314,0.657324,227.536,193
6935,14.7924,798581,0.799173,43.671,194
6964,14.792,222724,0.45817,551.807,195
6983,14.7918,794659,0.00176367,21.6597,196
7127,14.791,532722,0.0112711,18.5449,197
7307,14.7908,133185,0.535232,539.219,198
7330,14.7906,711483,0.0442629,37.6084,199
7578,14.7905,29708,0.799605,27.8229,200
7583,14.7905,600631,0.64055,72.8184,201
7626,14.7903,328122,0.457829,65.8318,202
7755,14.7902,302194,0.586547,16.1189,203
7965,14.7902,450836,0.659407,22.6164,204
8125,14.7902,984474,0,23.9315,205
8139,14.79,776847,0.279033,27.1679,206
8160,14.79,327747,0.160422,19.2467,207
8242,14.79,148855,0.68048,37.7754,208
8254,14.7899,173252,0.396168,22.7395,209
8277,14.7895,90117,0.778725,42.3268,210
8312,14.7893,218011,0.390253,33.1444,211
8314,14.789,108785,0.767936,218.439,212
8344,14.7888,323850,0.460353,17.6157,213
8346,14.7888,1010454,0.0353156,19.6958,214
8501,14.7887,226872,0.758417,25.8039,215
8593,14.7886,283579,0.245683,19.0669,216
8747,14.7886,248074,0.687284,28.8082,217
8752,14.7885,910048,0.423314,25.4491,218
8815,14.7882,223637,0.79015,19.1249,219
8854,14.7881,687671,0.644122,43.8463,220
8909,14.7881,434242,0.0503274,19.5923,221
8949,14.788,949002,0,36.0549,222
8952,14.7878,332855,0.107946,17.6592,223
9178,14.7877,706778,0.745329,15.3408,224
9279,14.7874,253934,0.306309,17.676,225
9349,14.7869,185654,0.512012,19.0116,226
9420,14.7868,369172,0.289163,15.4858,227
9465,14.7868,194938,0.367889,22.0962,228
9524,14.7866,493468,0,16.9208,229
9594,14.7864,270103,0.629584,14.9937,230
9630,14.7863,123828,0.641199,199.087,231
9714,14.7862,196559,0.484142,38.1021,232
9753,14.7861,622595,0.0271081,73.9222,233
9763,14.7856,91443,0.674745,19.8185,234
9790,14.7852,185290,0.784799,30.9569,235
9893,14.7852,692940,0.193308,14.8079,236
10027,14.7848,31453,0.682282,209.799,237
10044,14.7847,1032183,0.54547,510.85,238
10072,14.7843,125067,0.771813,63.0278,239
10176,14.7842,69847,0.740392,17.8104,240
10223,14.7838,84851,0.672385,14.9122,241
10304,14.7838,335776,0.571326,16.0911,242
10388,14.7837,714928,0.211049,192.644,243
10487,14.7834,379158,0,17.878,244
10569,14.7829,293716,0.147211,83.7939,245
10673,14.7826,232851,0.691503,33.3483,246
10711,14.7825,746834,0.0333969,43.5173,247
10898,14.7822,557078,0,15.2697,248
10921,14.7819,289368,0.783371,130.325,249
10935,14.7819,460300,0.218171,32.5931,250
10950,14.7817,831135,0.696835,23.604,251
11041,14.7817,439593,0.00972482,46.1487,252
11071,14.7816,141746,0.726422,155.108,253
11074,14.7814,152722,0.588115,45.0725,254
11117,14.7812,222704,0.621858,25.0159,255
11176,14.7809,379920,0.640339,108.656,256
11238,14.7809,194805,0.639373,23.0342,257
11243,14.7806,451802,0.174049,16.2725,258
11265,14.78,171049,0.713179,19.492,259
11297,14.78,220861,0.769412,18.0416,260
11301,14.78,683924,0.045314,20.7179,261
11406,14.7799,174682,0.590221,54.5821,262
11548,14.7799,279341,0.729992,16.6944,263
11694,14.7797,166183,0.614619,27.4717,264
11697,14.7794,856991,0,23.9069,265
11744,14.7793,1008964,0,43.8822,266
11815,14.7792,367947,0.192505,38.6587,267
11901,14.7791,767659,0.0621626,16.889,268
11934,14.7789,781521,0.638255,141.447,269
11981,14.7787,615043,0.132433,28.3296,270
11995,14.7786,1132065,0.187859,19.7746,271
12029,14.7784,200306,0.250166,92.0144,272
12113,14.7783,696115,0.40321,106.636,273
12120,14.7783,415138,0.78266,35.7412,274
12284,14.7782,771116,0.758251,17.7185,275
12476,14.7778,314590,0.435144,15.4307,276
12518,14.7775,342285,0.690942,25.2953,277
12534,14.7773,754282,0.636496,48.9289,278
12537,14.7773,917613,0.68164,45.2539,279
12551,14.7768,216645,0.649073,50.9366,280
12565,14.7765,468642,0.201547,23.8683,281
12631,14.7763,493388,0.540968,17.4165,282
12666,14.7755,675847,0.179884,30.1142,283
12694,14.7751,187212,0.788516,39.4234,284
12945,14.775,478068,0.520659,19.9495,285
12951,14.7748,123040,0.749444,179.282,286
12967,14.7746,458823,0.680599,20.9507,287
13014,14.7746,131388,0.511677,20.2073,288
13115,14.7744,957446,0,31.6356,289
13200,14.7742,661391,0.2097,505.487,290
13385,14.7741,88912,0.773249,57.724,291
13547,14.7739,771012,0.0967035,26.6919,292
13562,14.7737,216122,0.386866,70.6887,293
13600,14.7734,267270,0.452513,36.4137,294
13709,14.773,85052,0.711222,340.641,295
14249,14.7729,1015038,0.531014,211.161,296
14281,14.7725,741544,0.761721,182.67,297
14459,14.7724,72377,0.680155,18.6322,298
14470,14.7722,277758,0.412859,256.983,299
14501,14.7716,407338,0.685037,15.5836,300
14557,14.7715,773168,0.0426993,30.6955,301
14703,14.7712,230635,0.710892,29.7309,302
14759,14.771,175138,0.765027,33.0538,303
14770,14.7709,487011,0.0476217,16.2614,304
14793,14.7704,748674,0.79703,22.3424,305
14925,14.7703,277112,0.618133,20.9846,306
14932,14.7701,781213,0.188116,23.3136,307
15110,14.7697,188807,0.605346,122.962,308
15210,14.7696,200416,0.565054,33.6789,309
15219,14.7695,319105,0.545176,17.5713,310
15236,14.7693,222602,0.565489,137.118,311
15258,14.7693,566331,0.686156,71.6572,312
15590,14.7692,533120,0.286781,15.2287,313
15613,14.7687,841635,0.450867,24.9537,314
15799,14.7685,610314,0.00491992,18.2186,315
15813,14.7683,207980,0.653599,34.1038,316
15914,14.7683,932876,0,18.0557,317
16017,14.7682,322099,0.726459,26.1588,318
16044,14.7681,884241,0.0637066,46.1258,319
16069,14.768,78730,0.543071,615.96,320
16144,14.7672,103824,0.430026,229.51,321
16203,14.767,283284,0.432611,16.8723,322
16205,14.7667,690445,0.421625,19.3533,323
16280,14.7666,61732,0.404274,18.1877,324
16354,14.7664,734024,0.353366,30.4764,325
16480,14.7663,715099,0.596497,15.8753,326
16481,14.7661,158196,0.3414,45.231,327
16754,14.766,504291,0.0526316,19.8112,328
16761,14.7655,183903,0.786534,19.6045,329
16800,14.7655,311806,0.522387,15.0588,330
16810,14.7655,314979,0,18.9269,331
16954,14.7654,377250,0.58609,21.5083,332
17034,14.7651,314653,0.773758,46.064,333
17046,14.7649,264236,0.56062,42.5189,334
17094,14.7648,245019,0.785935,105.791,335
17183,14.7647,879899,0.0572361,20.176,336
17213,14.7647,231078,0.559666,29.0848,337
17226,14.7644,466145,0.577316,29.8049,338
17365,14.7642,354894,0.453543,45.3377,339
17379,14.7641,172120,0.499793,37.1887,340
17463,14.7638,146273,0.799276,19.5721,341
17519,14.7637,344080,0.177958,26.5339,342
17593,14.7637,242785,0.75436,14.9395,343
17897,14.7636,206548,0.303613,165.264,344
18099,14.7633,300498,0.622932,18.2382,345
18302,14.7633,646621,0.393823,40.8561,346
18303,14.763,123921,0.660193,54.3121,347
18630,14.7629,380599,0.699904,18.042,348
18763,14.7627,535092,0,47.8786,349
18807,14.7627,1009191,0,24.1395,350
18954,14.762,82058,0.532396,79.8279,351
18961,14.762,1031908,0,16.4052,352
18967,14.7613,538223,0.0227286,25.9745,353
18972,14.7613,303770,0.756918,18.9756,354
19004,14.7612,1013878,0.715387,78.7327,355
19069,14.761,321176,0.704728,36.7988,356
19120,14.7608,291721,0.404789,23.406,357
19310,14.7605,36553,0.786109,338.991,358
19385,14.7604,897666,0,45.1372,359
19453,14.76,854412,0,16.0066,360
19753,14.7599,183446,0.342313,16.3751,361
19862,14.7599,1033692,0.124106,331.867,362
19981,14.7599,678108,0.505113,342.895,363
20213,14.7598,872609,0,28.9299,364
20218,14.7596,254400,0.60109,25.5455,365
20278,14.7593,222106,0.633966,22.9954,366
20309,14.7592,782264,0.138762,21.4559,367
20360,14.7592,684289,0.72498,34.9868,368
20433,14.7589,260161,0.330131,24.0088,369
20619,14.7586,447299,0.697196,15.8958,370
20711,14.7585,873954,0.762103,15.4171,371
21011,14.7584,798104,0.297158,39.9982,372
21140,14.7578,486902,0,19.6472,373
21370,14.7574,277072,0.737241,27.0382,374
21537,14.7574,711939,0.0714385,51.5286,375
21547,14.757,1099167,0.047619,22.0176,376
21634,14.7569,715155,0.735492,90.3255,377
21680,14.7567,675807,0.759166,15.143,378
21694,14.7565,216238,0.0544691,31.0802,379
21772,14.7556,325182,0.652602,81.5677,380
21785,14.7554,971063,0.0322581,32.0409,381
21857,14.7535,559748,0,16.9049,382
22032,14.753,736282,0,27.8407,383
22139,14.7528,526762,0.319646,16.7124,384
22153,14.7525,322222,0.657343,51.2814,385
22165,14.7522,677177,0.796357,16.1001,386
22275,14.7522,187737,0.527491,15.3565,387
22828,14.7522,169388,0.764062,17.5324,388
22847,14.7522,97082,0.714618,16.1909,389
22902,14.7521,608286,0,41.2451,390
22917,14.7515,370284,0.184667,73.1256,391
23211,14.7512,216098,0.68467,27.8508,392
23404,14.7511,919664,0.768112,19.9031,393
23498,14.7511,336787,0.383772,57.7353,394
23808,14.7509,1038871,0,18.0186,395
23844,14.7509,486959,0.00505077,62.9654,396
23861,14.7509,425796,0,102.878,397
23888,14.7503,771180,0,58.012,398
23971,14.7499,212517,0.501818,15.1488,399
23974,14.7498,311366,0.210154,22.749,400
24134,14.7496,325697,0.740566,19.1306,401
24140,14.7496,837753,0.0240425,40.8906,402
24325,14.7489,366775,0.776449,20.1419,403
24460,14.7475,853448,0,33.5905,404
24477,14.7474,837082,0.000422414,100.178,405
24695,14.7473,324281,0.23228,104.719,406
24736,14.7468,453218,0.77221,17.39,407
24828,14.7467,786828,0.329963,14.7881,408
24838,14.7466,178274,0.398248,49.2584,409
25467,14.7465,674081,0.62088,318.491,410
25558,14.746,731787,0.713004,19.808,411
25799,14.7458,740743,0.556882,286.188,412
25873,14.7455,279786,0.654106,27.8421,413
25923,14.7455,580133,0.189862,24.9249,414
25938,14.7452,21527,0.589874,29.275,415
25956,14.7448,694765,0.510913,145.764,416
25995,14.7448,282407,0.71588,17.5792,417
26098,14.7444,199860,0.104038,233.029,418
26232,14.7438,1090958,0.708919,164.998,419
26268,14.7438,850782,0,33.9192,420
26430,14.7436,202152,0.506168,40.4747,421
26512,14.7435,130838,0.791733,29.1972,422
26615,14.7432,854329,0,31.9144,423
26646,14.7432,31038,0.731126,73.1207,424
26842,14.7426,831136,0.2805,57.1322,425
26988,14.7425,477452,0.259873,29.7789,426
27041,14.7424,170462,0.658841,30.6044,427
27258,14.7422,351754,0.256738,35.1969,428
27332,14.742,635299,0,23.7457,429
27433,14.7416,453275,0.658148,26.9058,430
27542,14.7412,787702,0.135355,83.1513,431
27546,14.7406,1071100,0.0908894,40.1322,432
27623,14.7405,691093,0.447912,16.4341,433
27715,14.7405,938820,0.0357143,28.6335,434
27759,14.7403,529199,0.340869,24.3159,435
28047,14.7402,859108,0.121055,14.9388,436
28092,14.7402,227079,0.603239,32.9785,437
28107,14.7401,301293,0.445914,57.3838,438
28176,14.7398,333142,0.539383,20.6846,439
28227,14.7397,295792,0.35642,29.6044,440
28239,14.7395,468956,0.0576777,50.667,441
28285,14.7395,129613,0.648408,31.5624,442
28286,14.7393,448794,0.483747,23.0866,443
28315,14.739,347445,0.178953,18.9344,444
28381,14.7384,275679,0.605823,28.7016,445
28424,14.7384,27849,0.646673,140.54,446
28438,14.7382,798255,0.0918899,20.3215,447
28466,14.7381,373833,0.00653364,159.661,448
28539,14.7381,463053,0.450676,33.2109,449
28725,14.7377,973678,0,15.0335,450
28818,14.7376,251863,0.780563,44.3931,451
28901,14.737,341193,1.5263e-05,18.3779,452
28904,14.7365,314595,0.793795,83.8832,453
29184,14.7363,442744,0.48613,17.2327,454
29334,14.7359,784912,0.576812,132.955,455
29366,14.7359,382686,0.520986,15.3888,456
29376,14.7357,818815,0.773413,15.2685,457
29531,14.735,155239,0.0476181,21.0375,458
29582,14.7346,329497,0.763084,15.8516,459
29884,14.7345,508599,0.154382,46.8621,460
29960,14.7343,526411,0.395983,16.5926,461
30034,14.7341,345980,0.627378,35.9141,462
30062,14.7341,328795,0.330237,22.4762,463
30087,14.7339,666809,0.501713,33.0763,464
30299,14.7337,1014206,0,68.7976,465
30540,14.7332,961845,0,38.8884,466
30595,14.7328,775552,0.574302,16.2605,467
30660,14.7322,1079206,0.714788,122.889,468
30696,14.7321,658100,0.696095,28.8427,469
30704,14.7318,196933,0.652179,34.4028,470
30733,14.7317,333166,0.593527,24.0339,471
30778,14.7315,735602,0,21.5447,472
30821,14.7312,715615,0.324249,60.9589,473
31059,14.7312,406838,0.792098,15.8593,474
31139,14.7311,201939,0.216797,16.6151,475
31155,14.7309,233257,0.794616,21.3183,476
31214,14.7304,74582,0.408244,125.297,477
31352,14.7304,265552,0.605631,18.33,478
31423,14.7303,131825,0.589592,65.1212,479
31728,14.7303,274638,0.478964,20.0536,480
31739,14.7299,304446,0.178713,54.9144,481
31916,14.7298,772494,0.21327,28.6168,482
31933,14.7289,995744,0,15.619,483
31974,14.7285,282309,0.53236,22.1377,484
32017,14.7284,995708,0.294726,85.4818,485
32094,14.7284,483093,0.213394,17.4978,486
32272,14.7284,223296,0.696464,35.7337,487
32580,14.7279,1001209,0.240223,36.6214,488
32744,14.7279,425408,0.222302,22.8043,489
32802,14.7278,494452,0,20.618,490
32860,14.7277,766858,0.709429,15.7381,491
32958,14.7276,320751,0.540062,23.7306,492
33123,14.7276,297343,0.75377,17.3745,493
33429,14.7275,816135,0.0466558,19.8308,494
33471,14.7274,270679,0.287849,43.654,495
33508,14.7273,771513,0.268508,16.6979,496
33579,14.7272,1114680,0.542145,42.7172,497
33596,14.727,221104,0.664321,45.9864,498
33616,14.7266,457731,0.0425979,42.8177,499
33619,14.7264,151295,0.652601,37.2647,500
33632,14.7261,213851,0.764878,35.0849,501
33912,14.726,638263,0.189509,16.8768,502
34451,14.7258,930507,0,28.8245,503
34732,14.7257,513204,0,51.2035,504
34770,14.7256,974632,0,28.5011,505
34873,14.7253,170185,0.739695,15.7925,506
34934,14.7252,297209,0.669891,15.2059,507
34936,14.7247,761578,0.0751536,30.4615,508
35099,14.7247,935463,0.0979164,16.3658,509
35317,14.7246,138054,0.711809,144.946,510
35401,14.7244,353712,0.65113,22.9939,511
35712,14.7241,711129,0.583913,21.3283,512
35888,14.7238,138401,0.728177,66.5384,513
36008,14.7235,660072,0.512193,131.435,514
36367,14.7235,657448,0.736336,350.483,515
36477,14.7234,169523,0.740804,47.832,516
36516,14.7231,204490,0.684944,47.8214,517
36575,14.723,681946,0.655439,58.8418,518
36629,14.7227,727200,0.614555,210.783,519
36632,14.7225,228076,0.687857,17.2037,520
36814,14.7225,33472,0.584903,62.1164,521
36815,14.7222,1065055,0.19272,25.0662,522
37057,14.7218,908561,0.121086,16.7151,523
37210,14.7217,962893,0,52.7679,524
37481,14.7215,139227,0.763073,78.6673,525
37551,14.7211,318422,0.404146,18.4469,526
37611,14.721,766884,0.0480816,39.9934,527
37707,14.7205,950593,0,61.445,528
37882,14.7204,295237,0.391095,27.8385,529
37936,14.7204,820997,0,25.7341,530
38229,14.7199,1064327,0,25.041,531
38421,14.7198,753311,0.0747556,15.7251,532
38513,14.7196,326494,0.67432,15.0438,533
38604,14.7196,837521,0,20.1513,534
38661,14.7191,335019,0.496764,20.132,535
38695,14.7186,1053420,0,15.1266,536
38786,14.7186,204703,0.74286,25.2618,537
38847,14.7183,230481,0.795565,14.8576,538
38879,14.7182,439875,0.647188,17.9485,539
38957,14.7172,276034,0.675793,33.2254,540
39020,14.717,905914,0.176031,16.6866,541
39075,14.7169,472140,0,16.6854,542
39288,14.7164,830147,0,18.0211,543
39443,14.7162,727828,0.363664,50.9769,544
39477,14.7158,234578,0.693774,16.0531,545
39524,14.7155,219440,0.589931,25.5589,546
39752,14.7154,935331,0.11403,16.6109,547
40260,14.7154,486698,0.780092,20.8476,548
40275,14.7153,278815,0.6607,30.4736,549
40484,14.7152,680045,0.739411,76.4596,550
40736,14.7152,96594,0.71168,66.0961,551
40948,14.7152,107535,0.789641,64.9591,552
40956,14.7151,389415,0.674154,28.455,553
41035,14.7149,731312,0,35.2474,554
41215,14.7147,293687,0.7187,16.1543,555
41248,14.7145,786938,0.0312474,95.7157,556
41283,14.7145,179134,0.695213,57.2566,557
41291,14.7144,268777,0.438251,15.4281,558
41303,14.7142,176642,0.726614,16.3601,559
41333,14.7141,198705,0.736487,21.4613,560
41334,14.7138,743250,0.643862,18.8502,561
41499,14.7136,96208,0.700806,16.3908,562
41509,14.7134,414070,0.358568,30.1943,563
41689,14.7134,490987,0.233485,16.2304,564
41758,14.7131,726015,0.597076,29.5016,565
42042,14.7129,282391,0.775816,19.1379,566
42063,14.7124,278001,0.746628,16.4429,567
42072,14.7123,1052212,0,99.7364,568
42151,14.7121,205414,0.771588,33.7038,569
42236,14.7119,1068679,0.113149,17.786,570
42276,14.7118,798419,0.149232,25.4217,571
42304,14.7114,635150,0,26.9931,572
42308,14.7113,325509,0.444955,16.307,573
42356,14.7113,215816,0.280978,17.1889,574
42373,14.7112,827910,0.0557757,33.6825,575
42452,14.7112,128708,0.690993,16.9362,576
42626,14.711,697819,0.761406,157.324,577
42779,14.7109,384833,0.646358,15.5152,578
42921,14.7107,690068,0.762227,22.4416,579
43000,14.7107,255740,0.164807,19.5306,580
43304,14.7098,521924,0.773509,21.8467,581
43307,14.7097,342845,0.75386,25.5463,582
43458,14.7096,127861,0.541671,20.7898,583
43612,14.7095,97309,0.796839,82.5655,584
43751,14.7092,262967,0.775142,36.2062,585
43769,14.7091,515234,0.389242,29.287,586
43880,14.7087,206959,0.718561,27.2491,587
43972,14.7087,610026,0,30.2448,588
44011,14.7084,621245,0.122068,52.6405,589
44135,14.7079,170441,0.408656,83.9967,590
44239,14.7075,165799,0.74587,43.6086,591
44274,14.7071,935515,0,38.8995,592
44386,14.7068,214058,0.558941,59.713,593
44784,14.7067,216195,0.524899,33.2147,594
44937,14.7065,561748,0.484959,55.0802,595
44951,14.7065,252056,0.783136,14.9021,596
44956,14.7063,427157,0.318279,57.494,597
45024,14.7061,312792,0.581174,17.6018,598
45103,14.7059,331246,0.232198,42.6684,599
45209,14.7059,1087068,0,23.5894,600
45317,14.7054,789825,0.0399543,25.192,601
46029,14.7054,546251,0.0571595,47.8539,602
46375,14.7054,327743,0.0538746,24.0599,603
46410,14.7051,213275,0.393599,15.8776,604
46626,14.7045,1038170,0.605337,103.447,605
46843,14.7042,440697,0.46185,17.8891,606
46865,14.7041,212680,0.276632,25.5431,607
47068,14.7039,342452,0.369324,16.6794,608
47156,14.7039,362969,0.0372267,23.4068,609
47205,14.7038,307299,0.101541,36.8366,610
47526,14.7035,866081,0,31.7393,611
47585,14.7029,183619,0.471889,24.4314,612
47826,14.7026,337320,0.486467,20.5317,613
47949,14.7022,228372,0.697724,20.0343,614
48084,14.702,175562,0.798313,17.2113,615
48299,14.7018,667113,0.239562,44.4688,616
48367,14.7017,633923,0.0323893,61.6966,617
48526,14.7017,615181,0,28.9247,618
48764,14.7016,386869,0.783118,22.4685,619
48768,14.7016,473977,0.776988,21.2162,620
48867,14.7015,906069,0.199351,14.8371,621
49191,14.7013,560600,0.0743456,16.8299,622
49218,14.7003,469362,0.762521,15.1717,623
49284,14.7001,219125,0.733157,35.6091,624
49619,14.6996,1065640,0,14.8595,625
50134,14.6996,627480,0.0185185,19.0338,626
50156,14.6995,226799,0.49362,43.9224,627
50251,14.699,363116,0.319974,17.9845,628
50439,14.699,1032280,0,33.3967,629
50487,14.699,891823,0,14.7809,630
50695,14.6983,943051,0.0277727,37.0637,631
50912,14.6981,311519,0.409154,44.4797,632
50922,14.698,356890,0.657749,17.551,633
50929,14.6975,234956,0.305367,91.3322,634
51237,14.6964,222551,0.760354,24.9592,635
51272,14.6963,293787,0.449849,15.8005,636
51316,14.6963,293398,0.0526165,14.8585,637
51350,14.6962,759077,0.775877,188.572,638
51398,14.6961,270109,0.774051,16.9653,639
51437,14.6958,636275,0.631196,16.7166,640
51468,14.6956,395037,0.750422,18.0702,641
51472,14.6955,992151,0,14.947,642
51637,14.6953,464555,0.0408356,16.9778,643
51723,14.695,242220,0.797242,27.1235,644
52027,14.6949,195281,0.711122,17.0915,645
52192,14.6949,440246,0.77678,20.4011,646
52317,14.6949,615353,0,38.5663,647
52382,14.6948,470082,0.552915,17.1559,648
52404,14.6947,553603,0.00551902,29.0401,649
52531,14.6946,928727,0,14.9777,650
52701,14.6945,306403,0.371786,15.2955,651
52826,14.6944,357556,0.531678,19.3815,652
52905,14.6942,172002,0.688668,84.7195,653
53049,14.6941,690388,0.178497,64.409,654
53124,14.6941,355204,0.648027,32.5004,655
53168,14.694,33539,0.721973,19.9906,656
53470,14.694,284825,0.729624,20.9419,657
53578,14.6937,815710,0.0837928,14.8707,658
53808,14.6934,508339,0.414781,31.9428,659
53903,14.6932,201164,0.762132,19.6548,660
54012,14.6925,359929,0.527805,15.0821,661
54443,14.6917,642102,0,20.6146,662
54444,14.69,133095,0.74213,169.715,663
54519,14.6899,679635,0.527893,19.0718,664
54522,14.6898,726228,0.0133523,32.9037,665
54533,14.6897,136901,0.757669,23.8402,666
54638,14.6897,413562,0.678439,60.5488,667
54714,14.6897,312679,0.735044,24.5903,668
54870,14.6896,229441,0.712907,18.9335,669
54993,14.6892,341613,0.267369,125.717,670
55031,14.6891,493066,0.181701,15.0061,671
55269,14.689,1023269,0.77004,83.5166,672
55427,14.689,865470,0,53.5876,673
55431,14.6889,756,0.736856,17.3084,674
55646,14.6888,418440,0.400918,20.2918,675
55805,14.6885,947943,0.54182,16.6453,676
55880,14.6885,319258,0.671521,18.1793,677
55910,14.6885,258484,0.654417,18.6969,678
55943,14.6882,253814,0.769067,36.8231,679
56396,14.6881,699563,0.413029,61.3233,680
56506,14.6881,570753,0,21.3674,681
56677,14.688,741239,0.673058,20.3645,682
56693,14.6879,465125,0.0486905,55.2778,683
56706,14.6879,601246,0.00793456,34.8049,684
56787,14.6876,229031,0.764697,262.67,685
56819,14.6874,110699,0.798583,43.5589,686
56879,14.6873,634879,0.135753,15.3539,687
57045,14.6872,766817,0.0650928,18.562,688
57175,14.6871,711199,0,48.1933,689
57189,14.6866,985257,0,21.9723,690
57212,14.6866,710370,0.300827,17.0473,691
57270,14.686,175519,0.751776,36.1669,692
57375,14.6856,863057,0,23.739,693
57395,14.6852,258590,0.456186,21.7468,694
57574,14.6848,66015,0.791294,15.5029,695
57893,14.6846,204415,0.626791,43.911,696
57929,14.6845,130669,0.779804,55.833,697
58069,14.6844,1093370,0,20.9344,698
58197,14.6842,202408,0.724332,42.3403,699
58228,14.6837,992730,0,29.7702,700
58289,14.6835,301448,0.697384,23.1157,701
58354,14.6834,291544,0.768892,82.864,702
58417,14.6833,265508,0.772308,22.4875,703
58658,14.6833,817029,0.467518,15.3448,704
58730,14.6832,415875,0.55476,22.4169,705
58897,14.6832,318167,0.563586,17.111,706
59287,14.6827,438972,0.229091,20.2075,707
59322,14.6826,184401,0.572234,15.7332,708
59432,14.6823,179050,0.673772,17.9425,709
59491,14.6821,442642,0.469057,49.8037,710
59842,14.6818,497063,0.0526316,20.0655,711
59845,14.6813,177336,0.462406,84.6808,712
60000,14.6812,983046,0,37.982,713
60099,14.6811,320090,0.399467,23.1082,714
60439,14.681,217187,0.629089,72.4894,715
60513,14.6807,806528,0.0312193,32.0393,716
60660,14.6804,168111,0.747176,25.0883,717
60672,14.68,27754,0.784813,26.0909,718
60678,14.68,566845,0.599126,15.8792,719
60683,14.6796,459721,0.143072,18.4534,720
60748,14.6795,534864,0,15.8575,721
61005,14.6795,331851,0.260272,39.1446,722
61121,14.6791,335895,0.290828,14.8862,723
61135,14.6786,235006,0.561762,14.7509,724
61164,14.6785,376660,0.785351,16.8197,725
61202,14.6785,788645,0.0527997,19.7611,726
61464,14.6783,712484,0.434864,17.8111,727
61551,14.6783,336215,0.243615,37.6893,728
61731,14.678,462669,0.484714,15.3893,729
61887,14.6772,469441,0.238634,23.5569,730
62007,14.677,687013,0.705547,17.3731,731
62240,14.6766,212246,0.734227,20.1128,732
62280,14.6764,389011,0.798163,20.7887,733
62696,14.6763,311992,0.799026,18.5149,734
63151,14.6762,328166,0.765342,101.072,735
63201,14.6754,277167,0.619101,23.0235,736
63231,14.6754,1015745,0,16.0315,737
63243,14.675,532577,0.194343,15.4182,738
63506,14.6742,215817,0.556858,19.4901,739
63931,14.6742,960026,0,31.4894,740
64143,14.6741,582149,0.361363,18.6442,741
64206,14.6739,500265,0.163348,20.3809,742
64246,14.6738,811479,7.07158e-06,42.999,743
64319,14.6735,463945,0.520029,22.8814,744
64410,14.6733,659383,0.547491,69.1614,745
64498,14.6732,729382,0.04,26.2633,746
64769,14.6726,706617,0.756717,23.6571,747
64856,14.6726,680837,0.57972,21.0442,748
64972,14.6726,700175,0.139857,93.2081,749
65005,14.6723,733136,0.728828,35.6076,750
65312,14.6722,814940,0,65.6358,751
65360,14.6721,98147,0.791509,23.7422,752
65404,14.6721,172383,0.671331,17.8259,753
65422,14.672,219428,0.240588,22.5734,754
65466,14.6719,781832,0.0451739,51.9454,755
65604,14.6717,352785,0.432717,15.9152,756
65685,14.6716,774774,0.501364,19.0538,757
65939,14.6711,738228,0,16.1972,758
66142,14.671,768297,0.754046,35.321,759
66160,14.6709,867398,0,15.8206,760
66174,14.6707,441620,0.498422,15.3698,761
66436,14.6706,176690,0.787144,30.6544,762
66475,14.6704,315661,0.579151,17.9658,763
66753,14.6704,3420,0.750592,53.3936,764
66781,14.6704,389687,0.130263,23.082,765
66986,14.6702,318695,0.562433,57.7453,766
67045,14.6701,968674,0,41.5337,767
67157,14.6701,745847,0.531378,28.7867,768
67259,14.6697,869219,0,22.2272,769
67365,14.6696,114317,0.56925,15.5043,770
67616,14.6696,943243,0.184116,39.221,771
67926,14.6691,215766,0.487172,20.6439,772
68081,14.6691,478524,0.312106,34.5315,773
68767,14.669,1122918,0.665223,55.0215,774
68830,14.6686,409036,0.665517,15.289,775
69182,14.6685,438227,0.790029,14.8482,776
69611,14.6683,1122545,0.339935,32.3837,777
69703,14.6682,435036,0.744677,27.1584,778
69813,14.668,441641,0.791155,16.0373,779
69860,14.6676,459385,0.438713,16.6142,780
69944,14.6675,689829,0.499429,42.8674,781
70099,14.6671,130248,0.559262,31.5494,782
70300,14.667,979548,0,29.3389,783
70424,14.6669,971205,0,15.2288,784
70430,14.6669,380268,0.712649,29.5966,785
70444,14.6667,790956,0,15.6565,786
70676,14.6666,1056975,0.467707,23.6482,787
70699,14.6666,839501,0.0759418,109.124,788
70738,14.666,941272,0.531099,16.2027,789
70862,14.6659,38675,0.716219,112.725,790
70934,14.6659,615,0.65799,15.7397,791
71515,14.6657,589775,0.0923006,17.992,792
71560,14.6656,258540,0.704918,17.3031,793
71658,14.6655,668251,0.797827,17.8156,794
72004,14.6651,373856,0.569524,14.6842,795
72226,14.6647,828068,0.0304722,23.4999,796
72262,14.6644,1133230,0.0734522,21.7653,797
73161,14.6643,21969,0.600628,51.4303,798
73689,14.6643,227122,0.752078,28.9434,799
73703,14.6642,451692,0.760155,29.4818,800
73738,14.664,274637,0.757672,48.6899,801
73746,14.6638,393895,0.798667,22.169,802
73785,14.6637,577052,0.0526307,19.9953,803
73904,14.6636,715136,0.05516,53.2651,804
74029,14.6636,613864,0.594167,15.6894,805
74131,14.6634,367836,0.540673,16.6651,806
74551,14.6633,305870,0.725562,16.3888,807
74641,14.6622,1028434,0.740875,20.573,808
74880,14.6621,655623,0.733634,207.134,809
75313,14.6621,840847,0.031249,17.0829,810
75613,14.6621,434437,0.297153,21.3598,811
75990,14.662,339942,0.734776,33.0929,812
76621,14.6618,28906,0.297931,26.0388,813
76879,14.6618,426930,0.145042,18.1641,814
76998,14.6616,693541,0.272257,20.5336,815
77051,14.6615,197158,0.593994,16.2359,816
77402,14.6613,702134,0.0546507,18.6841,817
77432,14.661,923232,0,52.0657,818
77865,14.6607,766855,0.626602,20.956,819
78017,14.6603,451731,0.122379,211.789,820
78328,14.6602,977507,0,30.2734,821
78778,14.6598,1013642,0.625768,50.9029,822
78929,14.6597,855457,0,21.2405,823
79103,14.6596,1022385,0,17.8955,824
79191,14.6595,349201,0.59041,27.9971,825
79377,14.6595,908778,0.0512228,44.2261,826
80060,14.6593,542281,0.723847,18.4484,827
80061,14.6592,193986,0.716275,33.8709,828
80076,14.6591,974871,0,16.2486,829
80137,14.6591,308606,0.328388,23.6906,830
80153,14.6587,1117955,0,38.9909,831
80163,14.6585,457280,0.472732,18.6151,832
80184,14.6581,341969,0.675631,16.8749,833
80233,14.6578,313580,0.610086,15.7271,834
80341,14.6577,183260,0.769844,16.7486,835
80477,14.657,560805,0.378719,16.281,836
80649,14.6566,477990,0.442553,20.5484,837
81093,14.6565,740991,0,31.0399,838
81104,14.6562,451687,0.54513,15.4545,839
81295,14.6561,128705,0.770785,38.0519,840
81630,14.656,1014305,0.0277778,18.9758,841
81997,14.656,407713,0.5725,14.6577,842
82040,14.6557,198391,0.674808,27.4555,843
82139,14.6552,1080031,0.654422,31.1403,844
82742,14.6548,398887,0.619679,16.477,845
82930,14.6545,196459,0.274449,51.1424,846
83007,14.6544,397442,0.724191,14.83,847
83109,14.6539,221116,0.73193,33.2057,848
83147,14.6539,745610,0.274034,21.9585,849
83709,14.6536,656065,0.47516,66.861,850
83824,14.6536,740137,0.301573,93.5541,851
84300,14.6536,752616,0.155099,53.6797,852
84766,14.6533,823852,0.580364,16.3891,853
85467,14.6531,356926,0.509223,48.2654,854
85487,14.6528,542625,0,20.8617,855
85860,14.6526,865853,0.0192307,52.7584,856
85863,14.6525,789010,0,22.174,857
86014,14.6524,507971,0.484997,16.0021,858
86025,14.6521,459052,0.260726,15.6344,859
86245,14.6518,939679,0.113719,73.757,860
86330,14.6517,426910,0.117476,15.9562,861
86364,14.6516,430850,0.0915233,53.3171,862
86831,14.6514,297479,0.755732,17.8173,863
86865,14.6514,772097,0.324125,46.4238,864
87061,14.6513,354377,0.635162,17.9109,865
87213,14.6513,1022259,0,22.6777,866
87220,14.6508,186921,0.657649,38.7935,867
87314,14.6503,221936,0.525069,19.1763,868
87315,14.6503,182611,0,19.9958,869
87639,14.6501,337842,0.271465,26.4753,870
87645,14.65,263020,0.689652,18.1919,871
87755,14.65,228945,0.648638,130.929,872
88025,14.6496,344534,0.794221,15.4457,873
88052,14.6492,729421,0.447179,15.9034,874
88080,14.6484,835195,0.0476247,21.7451,875
88379,14.6483,774989,0.736876,62.5521,876
88390,14.6482,971857,0,16.9227,877
88539,14.648,92349,0.722879,23.4726,878
88661,14.6476,376113,0.777389,30.7895,879
88766,14.6475,685552,0.743659,24.0013,880
88905,14.6473,269839,0.706091,39.4964,881
88919,14.6471,815140,0.727727,16.9291,882
88947,14.6468,279388,0.658638,14.7317,883
89173,14.6462,835502,0.0555555,18.505,884
89239,14.6458,421410,0.748938,15.3064,885
89352,14.6454,358945,0.201763,20.6953,886
89357,14.6453,333955,0.763709,25.1488,887
89507,14.6453,492502,0.0340527,25.2424,888
89571,14.6449,616889,0,16.8827,889
89952,14.6448,865698,0.0754438,27.0793,890
89998,14.6447,747389,0.341395,35.1356,891
90334,14.6447,331603,0.627211,19.0667,892
90443,14.6444,350286,0.675599,15.7878,893
90869,14.6444,258431,0.740214,20.5041,894
91030,14.6443,983151,0,28.0059,895
91033,14.6442,321724,0.57947,15.3746,896
91042,14.644,855661,0.129366,22.3336,897
91117,14.644,130252,0.292224,25.0779,898
91560,14.6439,223680,0.151812,14.9657,899
91822,14.6437,790985,0.283492,29.4028,900
92455,14.6437,1043330,0,21.2624,901
92479,14.6435,1003371,0.613181,17.7231,902
92624,14.6435,154907,0.754659,85.9762,903
92705,14.6428,191007,0.578748,22.5035,904
93050,14.6427,593167,0.0111948,17.5573,905
93081,14.6427,214417,0.439169,19.5306,906
93155,14.6426,460673,0.505292,21.2425,907
93162,14.6423,733870,0.161872,44.0465,908
93223,14.6422,271164,0.717306,22.5507,909
93289,14.6422,690689,0.179755,16.0148,910
93330,14.6421,595439,0,33.6004,911
93506,14.642,319580,0.448405,17.3036,912
93690,14.642,338043,0.740108,24.1377,913
94164,14.642,1117936,0.0150892,26.1935,914
94258,14.6418,860142,0.0596333,17.6035,915
94550,14.6417,240470,0.630693,43.8213,916
94574,14.6415,937509,0.0523307,19.766,917
94670,14.6413,194709,0.732379,27.93,918
94671,14.6412,788433,0.0714673,14.6659,919
94757,14.6407,388822,0.558476,21.8961,920
94773,14.6399,345805,0.274934,16.2893,921
94840,14.6398,323381,0.705854,20.9963,922
95557,14.6397,538544,0.395824,18.6847,923
96098,14.6396,858182,0.155362,17.5885,924
96211,14.6396,814653,0.0558662,14.9674,925
96659,14.6389,743481,0.566002,82.412,926
96809,14.6389,166114,0.308053,17.1378,927
97144,14.6377,343055,0.300966,17.3967,928
97512,14.6374,413170,0.427742,16.857,929
97577,14.6373,343173,0.539214,22.6785,930
97617,14.6371,425898,0.167814,24.4163,931
97659,14.637,293811,0.630335,15.656,932
97831,14.637,715131,0.55828,19.7793,933
98145,14.6366,743442,0,14.6917,934
98202,14.6363,307889,0.586467,22.5711,935
98497,14.6362,853015,0.0135985,43.5432,936
98595,14.6361,691105,0.766484,16.6701,937
98689,14.636,412266,0.696548,29.4364,938
98732,14.6359,592099,0.674792,25.8083,939
98833,14.6357,923403,0.559297,25.4101,940
99015,14.6355,260883,0.727045,16.1226,941
99213,14.6352,541723,0,25.3046,942
99235,14.6351,178699,0.675995,16.2473,943
99376,14.6348,616577,0,19.4999,944
99755,14.6348,168450,0.733241,22.293,945
99801,14.6344,734990,0.521839,19.4724,946
100793,14.6341,323859,0.305749,32.9522,947
101202,14.634,181141,0.522828,22.689,948
101290,14.6338,190445,0.737131,24.3462,949
101347,14.6337,439243,0,15.6644,950
101409,14.6335,410824,0.31593,26.0096,951
101463,14.6334,898704,0,22.2602,952
101581,14.6332,325511,0.0851505,24.5144,953
101741,14.6332,948552,0.0697819,15.7572,954
102119,14.6332,2812,0.750275,51.3931,955
102307,14.6331,411205,0.576253,16.3937,956
102459,14.633,185689,0.748995,15.0931,957
102465,14.6326,605877,0.774019,15.4927,958
102492,14.6324,687322,0.72323,16.4024,959
102628,14.6322,293140,0.730299,25.3485,960
102631,14.6322,222314,0.531103,15.6156,961
102721,14.6322,620490,0,17.9438,962
102773,14.6321,637804,0.739026,15.5518,963
103099,14.632,707836,0.121492,30.9916,964
103599,14.6319,222550,0.780863,149.253,965
103867,14.6318,256914,0.774305,33.6375,966
104000,14.6315,1000950,0.019628,33.8863,967
104105,14.6307,618598,0.744853,37.2519,968
104539,14.6307,379530,0.370156,15.0684,969
104653,14.6305,689990,0.774518,19.5507,970
105065,14.6301,641485,0.334646,35.903,971
105109,14.63,163630,0.446124,105.996,972
105357,14.6299,286569,0.562155,22.4526,973
105567,14.6296,414344,0.637184,19.8211,974
106468,14.6294,679617,0.695526,37.6145,975
106739,14.6294,332696,0.437351,19.1625,976
106998,14.6294,754897,0.194049,30.4364,977
107034,14.6293,855428,0.276389,25.7715,978
107043,14.6293,813539,0.302904,26.2447,979
107218,14.6293,925737,0,15.2066,980
107292,14.6289,848892,0.0526316,16.7795,981
107300,14.6287,354384,0.704569,17.7483,982
107301,14.6284,194446,0.455743,20.8751,983
107340,14.6282,796901,0,15.8608,984
107351,14.6282,627164,0.340092,16.2328,985
107455,14.628,229781,0.655509,18.1835,986
107600,14.6279,1105403,0.723082,18.4594,987
107687,14.6276,1079896,0,37.9091,988
107856,14.6276,887060,0.0506475,25.9361,989
107860,14.6275,192249,0.568495,103.729,990
107873,14.6274,470198,0.538796,44.2506,991
108000,14.6272,554952,0.228496,21.0823,992
108061,14.6271,360507,0.778667,21.8208,993
108087,14.6264,680646,0.14775,24.5387,994
108370,14.6261,318662,0.631155,29.7758,995
108624,14.626,492491,0.735501,16.1164,996
108898,14.626,287733,0.728618,37.9158,997
109087,14.6258,460807,0.736546,15.0423,998
109485,14.6256,441202,0.0290673,15.9477,999
109614,14.6256,1122020,0.407791,16.0023,1000
